ASSISTANT_ENFORCEMENT.md	not reachable from _sidebar.md
Advanced Scene Switcher Websocket Condition.md	not reachable from _sidebar.md
ConfigPublicResults.md	not reachable from _sidebar.md
Countries.md	not reachable from _sidebar.md
Delcom.md	not reachable from _sidebar.md
Demo.md	not reachable from _sidebar.md
Distancing.md	not reachable from _sidebar.md
Downloads.md	not reachable from _sidebar.md
FireTV.md	not reachable from _sidebar.md
Fly_old.md	not reachable from _sidebar.md
ImportExport.md	not reachable from _sidebar.md
InstallationOverview.md	not reachable from _sidebar.md
LocalSetup.md	not reachable from _sidebar.md
Node.md	not reachable from _sidebar.md
NodeJS-Binary-Flags-Receiver.md	not reachable from _sidebar.md
OBSReplays.md	not reachable from _sidebar.md
OBS_Advanced.md	not reachable from _sidebar.md
OBS_Zoom.md	not reachable from _sidebar.md
RaspberryInstall.md	not reachable from _sidebar.md
RaspberryPi.md	not reachable from _sidebar.md
RunPublicResults.md	not reachable from _sidebar.md
