ASSISTANT_ENFORCEMENT.md	not reachable from _sidebar.md	MOVED
Advanced Scene Switcher Websocket Condition.md	not reachable from _sidebar.md	MOVED
ConfigPublicResults.md	not reachable from _sidebar.md	MOVED
Countries.md	not reachable from _sidebar.md	MOVED
Delcom.md	not reachable from _sidebar.md	MOVED
Demo.md	not reachable from _sidebar.md	MOVED
Distancing.md	not reachable from _sidebar.md	MOVED
Downloads.md	not reachable from _sidebar.md	MOVED
FireTV.md	not reachable from _sidebar.md	MOVED
Fly_old.md	not reachable from _sidebar.md	MOVED
ImportExport.md	not reachable from _sidebar.md	MOVED
InstallationOverview.md	not reachable from _sidebar.md	MOVED
LocalSetup.md	not reachable from _sidebar.md	MOVED
Node.md	not reachable from _sidebar.md	MOVED
NodeJS-Binary-Flags-Receiver.md	not reachable from _sidebar.md	MOVED
OBSReplays.md	not reachable from _sidebar.md	MOVED
OBS_Advanced.md	not reachable from _sidebar.md	MOVED
OBS_Zoom.md	not reachable from _sidebar.md	MOVED
RaspberryInstall.md	not reachable from _sidebar.md	MOVED
RaspberryPi.md	not reachable from _sidebar.md	MOVED
RunPublicResults.md	not reachable from _sidebar.md	MOVED
